"Nataniel Halik","Spó³dzielnia Dusik","8686744732","39363367083310"
"pan Hubert G¹szczak","Grupa Zander Sp. z o.o.","5422918823","01679027720491"
"pani Kornelia Opalach","Grupa Nieradzik","4750901092","97248276201488"
"Tomasz S³aba","FPUH Karpiel Sp. z o.o. Sp.k.","6618439642","81302296669116"
"Dawid Guziak","Gogacz-Œmieja Sp.k.","8232825416","31304247693403"
"Tomasz Oleksiewicz","Rodzeñ-Zimmer s.c.","1695458241","93326824675440"
"Olga So³ek","Koperek Sp. z o.o.","5767268487","17304481302360"
"Malwina Dziwak","Gabinety Zio³a-Maciocha Sp.k.","4644822856","59497904468016"
"Przemys³aw Hein","Gabinety Godzisz s.c.","9420563654","79297710667948"
"Iwo Bazyluk","Jakiel i syn s.c.","8529091121","33423266043961"
